code;title;genres;description;director;actors;year;duration;rating;favorite ;revenue
766;PK;Comedy, Drama, Romance;A stranger in the city asks questions no one has asked before. His childlike curiosity will take him on a journey of love, laughter, and letting go.;Rajkumar Hirani;Aamir Khan, Anushka Sharma, Sanjay Dutt,Boman Irani;2014;153;8,2;103279;10,57
431;3 Idiots;Comedy, Drama;"Two friends are searching for their long lost companion. They revisit their college days and recall the memories of their friend who inspired them to think differently, even as the rest of the world called them ""idiots"".";Rajkumar Hirani;Aamir Khan, Madhavan, Mona Singh, Sharman Joshi;2009;170;8,4;238789;6,52
118;Dangal;Action, Biography, Drama;Former wrestler Mahavir Singh Phogat and his two wrestler daughters struggle towards glory at the Commonwealth Games in the face of societal oppression.;Nitesh Tiwari;Aamir Khan, Sakshi Tanwar, Fatima Sana Shaikh,Sanya Malhotra;2016;161;8,8;48969;11,15
536;Need for Speed;Action, Crime, Drama;Fresh from prison, a street racer who was framed by a wealthy business associate joins a cross country race with revenge in mind. His ex-partner, learning of the plan, places a massive bounty on his head as the race begins.;Scott Waugh;Aaron Paul, Dominic Cooper, Imogen Poots, Scott Mescudi;2014;132;6,5;143389;43,57
98;The Void;Horror, Mystery, Sci-Fi;Shortly after delivering a patient to an understaffed hospital, a police officer experiences strange and violent occurrences seemingly linked to a group of mysterious hooded figures.;Jeremy Gillespie;Aaron Poole, Kenneth Welsh,Daniel Fathers, Kathleen Munroe;2016;90;5,8;9247;0,15
439;Kick-Ass 2;Action, Comedy, Crime;Following Kick-Ass' heroics, other citizens are inspired to become masked crusaders. But the Red Mist leads his own group of evil supervillains to kill Kick-Ass and destroy everything for which he stands.;Jeff Wadlow;Aaron Taylor-Johnson, Chloë Grace Moretz,Christopher Mintz-Plasse, Jim Carrey;2013;103;6,6;214825;28,75
529;Godzilla;Action, Adventure, Sci-Fi;The world is beset by the appearance of monstrous creatures, but one of them may be the only one who can save humanity.;Gareth Edwards;Aaron Taylor-Johnson, Elizabeth Olsen, Bryan Cranston, Ken Watanabe;2014;123;6,4;318058;200,66
220;Kick-Ass;Action, Comedy;Dave Lizewski is an unnoticed high school student and comic book fan who one day decides to become a superhero, even though he has no powers, training or meaningful reason to do so.;Matthew Vaughn;Aaron Taylor-Johnson, Nicolas Cage, Chloë Grace Moretz, Garrett M. Brown;2010;117;7,7;456749;48,04
507;Savages;Crime, Drama, Thriller;Pot growers Ben and Chon face off against the Mexican drug cartel who kidnapped their shared girlfriend.;Oliver Stone;Aaron Taylor-Johnson, Taylor Kitsch, Blake Lively,Benicio Del Toro;2012;131;6,5;107960;47,31
757;Lavender;Drama, Thriller;After losing her memory, a woman begins to see unexplained things after her psychiatrist suggests she visit her childhood home.;Ed Gass-Donnelly;Abbie Cornish, Dermot Mulroney, Justin Long,Diego Klattenhoff;2016;92;5,2;2083;0
778;Final Girl;Action, Thriller;A man teaches a young woman how to become a complete weapon. Later she is approached by a group of sadistic teens who kill blonde women for unknown reasons. The hunting season begins.;Tyler Shields;Abigail Breslin, Wes Bentley, Logan Huffman,Alexander Ludwig;2015;90;4,7;9026;0
208;Paterson;Comedy, Drama, Romance;A quiet observation of the triumphs and defeats of daily life, along with the poetry evident in its smallest details.;Jim Jarmusch;Adam Driver, Golshifteh Farahani, Nellie, Rizwan Manji;2016;118;7,5;26089;2,14
999;Search Party;Adventure, Comedy;A pair of friends embark on a mission to reunite their pal with the woman he was going to marry.;Scot Armstrong;Adam Pally, T.J. Miller, Thomas Middleditch,Shannon Woodward;2014;93;5,6;4881;0
789;Hotel Transylvania 2;Animation, Comedy, Family;Dracula and his friends try to bring out the monster in his half human, half vampire grandson in order to keep Mavis from leaving the hotel.;Genndy Tartakovsky;Adam Sandler, Andy Samberg, Selena Gomez, Kevin James;2015;89;6,7;69157;169,69
538;The Do-Over;Action, Adventure, Comedy;Two down-on-their-luck guys decide to fake their own deaths and start over with new identities, only to find the people they're pretending to be are in even deeper trouble.;Steven Brill;Adam Sandler, David Spade, Paula Patton, Kathryn Hahn;2016;108;5,7;24761;0,54
340;Blended;Comedy, Romance;After a bad blind date, a man and woman find themselves stuck together at a resort for families, where their attraction grows as their respective kids benefit from the burgeoning relationship.;Frank Coraci;Adam Sandler, Drew Barrymore, Wendi McLendon-Covey, Kevin Nealon;2014;117;6,5;93764;46,28
459;Just Go with It;Comedy, Romance;On a weekend trip to Hawaii, a plastic surgeon convinces his loyal assistant to pose as his soon-to-be-divorced wife in order to cover up a careless lie he told to his much-younger girlfriend.;Dennis Dugan;Adam Sandler, Jennifer Aniston, Brooklyn Decker,Nicole Kidman;2011;117;6,4;182069;103,03
838;You Don't Mess with the Zohan;Action, Comedy;An Israeli Special Forces Soldier fakes his death so he can re-emerge in New York City as a hair stylist.;Dennis Dugan;Adam Sandler, John Turturro, Emmanuelle Chriqui,Nick Swardson;2008;113;5,5;163144;100,02
395;Grown Ups 2;Comedy;After moving his family back to his hometown to be with his friends and their kids, Lenny finds out that between old bullies, new bullies, schizo bus drivers, drunk cops on skis, and 400 costumed party crashers sometimes crazy follows you.;Dennis Dugan;Adam Sandler, Kevin James, Chris Rock, David Spade;2013;101;5,4;114482;133,67
387;Pixels;Action, Comedy, Family;When aliens misinterpret video feeds of classic arcade games as a declaration of war, they attack the Earth in the form of the video games.;Chris Columbus;Adam Sandler, Kevin James, Michelle Monaghan,Peter Dinklage;2015;105;5,6;101092;78,75
723;Grown Ups;Comedy;After their high school basketball coach passes away, five good friends and former teammates reunite for a Fourth of July holiday weekend.;Dennis Dugan;Adam Sandler, Salma Hayek, Kevin James, Chris Rock;2010;102;6;190385;162
643;The Ridiculous 6;Comedy, Western;An outlaw who was raised by Native Americans discovers that he has five half-brothers. Together the men go on a mission to find their wayward, deadbeat dad.;Frank Coraci;Adam Sandler, Terry Crews, Jorge Garcia, Taylor Lautner;2015;119;4,8;31149;0
717;Entourage;Comedy;Movie star Vincent Chase, together with his boys Eric, Turtle, and Johnny, are back - and back in business with super agent-turned-studio head Ari Gold on a risky project that will serve as Vince's directorial debut.;Doug Ellin;Adrian Grenier, Kevin Connolly, Jerry Ferrara, Kevin Dillon;2015;104;6,6;64557;32,36
837;Bacalaureat;Crime, Drama;A film about compromises and the implications of the parent's role.;Cristian Mungiu;Adrian Titieni, Maria-Victoria Dragus, Lia Bugnar,Malina Manovici;2016;128;7,5;5531;0,13
228;Predators;Action, Adventure, Sci-Fi;A group of elite warriors parachute into an unfamiliar jungle and are hunted by members of a merciless alien race.;Nimród Antal;Adrien Brody, Laurence Fishburne, Topher Grace,Alice Braga;2010;107;6,4;179450;52
440;Folk Hero & Funny Guy;Comedy;A successful singer-songwriter hatches a plan to help his friend's struggling comedy career and broken love life by hiring him as his opening act on his solo tour.;Jeff Grace;Alex Karpovsky, Wyatt Russell, Meredith Hagner,Melanie Lynskey;2016;88;5,6;220;0
455;I Am Number Four;Action, Adventure, Sci-Fi;Aliens and their Guardians are hiding on Earth from intergalactic bounty hunters. They can only be killed in numerical order, and Number Four is next on the list. This is his story.;D.J. Caruso;Alex Pettyfer, Timothy Olyphant, Dianna Agron, Teresa Palmer;2011;109;6,1;202682;55,09
257;Battleship;Action, Adventure, Sci-Fi;A fleet of ships is forced to do battle with an armada of unknown origins in order to discover and thwart their destructive goals.;Peter Berg;Alexander Skarsgård, Brooklyn Decker, Liam Neeson,Rihanna;2012;131;5,8;210349;65,17
675;War on Everyone;Action, Comedy;Two corrupt cops set out to blackmail and frame every criminal unfortunate enough to cross their path. Events, however, are complicated by the arrival of someone who appears to be even more dangerous than they are.;John Michael McDonagh;Alexander Skarsgård, Michael Peña, Theo James, Tessa Thompson;2016;98;5,9;9285;0
108;The Legend of Tarzan;Action, Adventure, Drama;Tarzan, having acclimated to life in London, is called back to his former home in the jungle to investigate the activities at a mining encampment.;David Yates;Alexander Skarsgård, Rory J. Saper, Christian Stevens, Christoph Waltz;2016;110;6,3;117590;126,59
971;Texas Chainsaw 3D;Horror, Thriller;A young woman travels to Texas to collect an inheritance. Little does she know that an encounter with a chainsaw-wielding killer is part of the reward.;John Luessenhop;Alexandra Daddario, Tania Raymonde, Scott Eastwood, Trey Songz;2013;92;4,8;37060;34,33
338;Tracktown;Drama, Sport;A young, talented, and lonely long-distance runner twists her ankle as she prepares for the Olympic Trials and must do something she's never done before: take a day off.;Alexi Pappas;Alexi Pappas, Chase Offerle, Rachel Dratch, Andy Buckley;2016;88;5,9;115;0
692;Dear Zindagi;Drama, Romance;Kaira is a budding cinematographer in search of a perfect life. Her encounter with Jug, an unconventional thinker, helps her gain a new perspective on life. She discovers that happiness is all about finding comfort in life's imperfections.;Gauri Shinde;Alia Bhatt, Shah Rukh Khan, Kunal Kapoor, Priyanka Moodley;2016;151;7,8;23540;1,4
479;Paint It Black;Drama;A young woman attempts to deal with the death of her boyfriend while continuously confronted by his mentally unstable mother.;Amber Tamblyn;Alia Shawkat, Nancy Kwan, Annabelle Attanasio,Alfred Molina;2016;96;8,3;61;0
611;Beautiful Creatures;Drama, Fantasy, Romance;Ethan longs to escape his small Southern town. He meets a mysterious new girl, Lena. Together, they uncover dark secrets about their respective families, their history and their town.;Richard LaGravenese;Alice Englert, Viola Davis, Emma Thompson,Alden Ehrenreich;2013;124;6,2;71822;19,45
110;Ex Machina;Drama, Mystery, Sci-Fi;A young programmer is selected to participate in a ground-breaking experiment in synthetic intelligence by evaluating the human qualities of a breath-taking humanoid A.I.;Alex Garland;Alicia Vikander, Domhnall Gleeson, Oscar Isaac,Sonoya Mizuno;2014;108;7,7;339797;25,44
417;The Headhunter's Calling;Drama;A headhunter whose life revolves around closing deals in a a survival-of-the-fittest boiler room, battles his top rival for control of their job placement company -- his dream of owning the company clashing with the needs of his family.;Mark Williams;Alison Brie, Gerard Butler, Willem Dafoe, Gretchen Mol;2016;108;6,9;164;0
532;Friend Request;Horror, Thriller;When a college student unfriends a mysterious girl online, she finds herself fighting a demonic presence that wants to make her lonely by killing her closest friends.;Simon Verhoeven;Alycia Debnam-Carey, William Moseley, Connor Paolo, Brit Morgan;2016;92;5,4;12758;64,03
594;She's the Man;Comedy, Romance, Sport;When her brother decides to ditch for a couple weeks, Viola heads over to his elite boarding school, disguised as him, and proceeds to fall for one of his soccer teammates, and soon learns she's not the only one with romantic troubles.;Andy Fickman;Amanda Bynes, Laura Ramsey, Channing Tatum,Vinnie Jones;2006;105;6,4;122864;2,34
634;Megan Is Missing;Drama, Horror, Thriller;Two teenage girls encounter an Internet child predator.;Michael Goi;Amber Perkins, Rachel Quinn, Dean Waite, Jael Elizabeth Steinmeyer;2011;85;4,9;6683;0
32;Nocturnal Animals;Drama, Thriller;A wealthy art gallery owner is haunted by her ex-husband's novel, a violent thriller she interprets as a symbolic revenge tale.;Tom Ford;Amy Adams, Jake Gyllenhaal, Michael Shannon, Aaron Taylor-Johnson;2016;116;7,5;126030;10,64
20;Arrival;Drama, Mystery, Sci-Fi;When twelve mysterious spacecraft appear around the world, linguistics professor Louise Banks is tasked with interpreting the language of the apparent alien visitors.;Denis Villeneuve;Amy Adams, Jeremy Renner, Forest Whitaker, Michael Stuhlbarg;2016;116;8;340798;100,5
572;Enchanted;Animation, Comedy, Family;A young maiden in a land called Andalasia, who is prepared to be wed, is sent away to New York City by an evil queen, where she falls in love with a lawyer.;Kevin Lima;Amy Adams, Susan Sarandon, James Marsden, Patrick Dempsey;2007;107;7,1;150353;127,71
242;Inside Out;Animation, Adventure, Comedy;After young Riley is uprooted from her Midwest life and moved to San Francisco, her emotions - Joy, Fear, Anger, Disgust and Sadness - conflict on how best to navigate a new city, house, and school.;Pete Docter;Amy Poehler, Bill Hader, Lewis Black, Mindy Kaling;2015;95;8,2;416689;356,45
791;Sisters;Comedy;Two sisters decide to throw one last house party before their parents sell their family home.;Jason Moore;Amy Poehler, Tina Fey, Maya Rudolph, Ike Barinholtz;2015;118;6;50241;87,03
190;Trainwreck;Comedy, Drama, Romance;Having thought that monogamy was never possible, a commitment-phobic career woman may have to face her fears when she meets a good guy.;Judd Apatow;Amy Schumer, Bill Hader, Brie Larson, Colin Quinn;2015;125;6,3;106364;110,01
839;Exposed;Crime, Drama, Mystery;A police detective investigates the truth behind his partner's death. The mysterious case reveals disturbing police corruption and a dangerous secret involving an unlikely young woman.;Gee Malik Linton;Ana de Armas, Keanu Reeves, Christopher McDonald, Mira Sorvino;2016;102;4,2;8409;0
56;Silence;Adventure, Drama, History;In the 17th century, two Portuguese Jesuit priests travel to Japan in an attempt to locate their mentor, who is rumored to have committed apostasy, and to propagate Catholicism.;Martin Scorsese;Andrew Garfield, Adam Driver, Liam Neeson,Tadanobu Asano;2016;161;7,3;49190;7,08
254;The Amazing Spider-Man 2;Action, Adventure, Sci-Fi;When New York is put under siege by Oscorp, it is up to Spider-Man to save the city he swore to protect as well as his loved ones.;Marc Webb;Andrew Garfield, Emma Stone, Jamie Foxx, Paul Giamatti;2014;142;6,7;342183;202,85
369;The Amazing Spider-Man;Action, Adventure;After Peter Parker is bitten by a genetically altered spider, he gains newfound, spider-like powers and ventures out to solve the mystery of his parent's mysterious death.;Marc Webb;Andrew Garfield, Emma Stone, Rhys Ifans, Irrfan Khan;2012;136;7;474320;262,03
17;Hacksaw Ridge;Biography, Drama, History;WWII American Army Medic Desmond T. Doss, who served during the Battle of Okinawa, refuses to kill people, and becomes the first man in American history to receive the Medal of Honor without firing a shot.;Mel Gibson;Andrew Garfield, Sam Worthington, Luke Bracey,Teresa Palmer;2016;139;8,2;211760;67,12
362;Clown;Horror, Thriller;A loving father finds a clown suit for his son's birthday party, only to realize that it is not a suit at all.;Jon Watts;Andy Powers, Laura Allen, Peter Stormare, Christian Distefano;2014;100;5,7;14248;0,05
654;Popstar: Never Stop Never Stopping;Comedy, Music;When it becomes clear that his solo album is a failure, a former boy band member does everything in his power to maintain his celebrity status.;Akiva Schaffer;Andy Samberg, Jorma Taccone,Akiva Schaffer, Sarah Silverman;2016;87;6,7;30875;9,39
331;Storks;Animation, Adventure, Comedy;Storks have moved on from delivering babies to packages. But when an order for a baby appears, the best delivery stork must scramble to fix the error by delivering the baby.;Nicholas Stoller;Andy Samberg, Katie Crown,Kelsey Grammer, Jennifer Aniston;2016;87;6,9;34248;72,66
860;Changeling;Biography, Drama, Mystery;A grief-stricken mother takes on the LAPD to her own detriment when it stubbornly tries to pass off an obvious impostor as her missing child, while also refusing to give up hope that she will find him one day.;Clint Eastwood;Angelina Jolie, Colm Feore, Amy Ryan, Gattlin Griffith;2008;141;7,8;206793;35,71
229;Maleficent;Action, Adventure, Family;A vengeful fairy is driven to curse an infant princess, only to discover that the child may be the one person who can restore peace to their troubled land.;Robert Stromberg;Angelina Jolie, Elle Fanning, Sharlto Copley,Lesley Manville;2014;97;7;268877;241,41
374;Wanted;Action, Crime, Fantasy;A frustrated office worker learns that he is the son of a professional assassin, and that he shares his father's superhuman killing abilities.;Timur Bekmambetov;Angelina Jolie, James McAvoy, Morgan Freeman, Terence Stamp;2008;110;6,7;312495;134,57
467;Salt;Action, Crime, Mystery;A CIA agent goes on the run after a defector accuses her of being a Russian spy.;Phillip Noyce;Angelina Jolie, Liev Schreiber, Chiwetel Ejiofor, Daniel Olbrychski;2010;100;6,4;255813;118,31
844;The Princess and the Frog;Animation, Adventure, Comedy;A waitress, desperate to fulfill her dreams as a restaurant owner, is set on a journey to turn a frog prince back into a human being, but she has to face the same problem after she kisses him.;Ron Clements;Anika Noni Rose, Keith David, Oprah Winfrey, Bruno Campos;2009;97;7,1;95480;104,37
944;What's Your Number?;Comedy, Romance;A woman looks back at the past nineteen men she's had relationships with in her life and wonders if one of them might be her one true love.;Mark Mylod;Anna Faris, Chris Evans, Ari Graynor, Blythe Danner;2011;106;6,1;62095;13,99
304;The House Bunny;Comedy, Romance;After Playboy bunny Shelley is kicked out of the playboy mansion, she finds a job as the house mother for a sorority full of socially awkward girls.;Fred Wolf;Anna Faris, Colin Hanks, Emma Stone, Kat Dennings;2008;97;5,5;67033;48,24
969;Wrecker;Action, Horror, Thriller;"Best friends Emily and Lesley go on a road trip to the desert. When Emily decides to get off the highway and take a ""short cut,"" they become the target of a relentless and psychotic trucker who forces them to play a deadly game of cat and mouse.";Micheal Bafaro;Anna Hutchison, Andrea Whitburn, Jennifer Koenig,Michael Dickson;2015;83;3,5;1210;0
292;Pitch Perfect;Comedy, Music, Romance;Beca, a freshman at Barden University, is cajoled into joining The Bellas, her school's all-girls singing group. Injecting some much needed energy into their repertoire, The Bellas take on their male rivals in a campus competition.;Jason Moore;Anna Kendrick, Brittany Snow, Rebel Wilson, Anna Camp;2012;112;7,2;226631;65
24;Trolls;Animation, Adventure, Comedy;After the Bergens invade Troll Village, Poppy, the happiest Troll ever born, and the curmudgeonly Branch set off on a journey to rescue her friends.;Walt Dohrn;Anna Kendrick, Justin Timberlake, Zooey Deschanel, Christopher Mintz-Plasse;2016;92;6,5;38552;153,69
132;Into the Woods;Adventure, Comedy, Drama;A witch tasks a childless baker and his wife with procuring magical items from classic fairy tales to reverse the curse put on their family tree.;Rob Marshall;Anna Kendrick, Meryl Streep, Chris Pine, Emily Blunt;2014;125;6;109756;128
412;Pitch Perfect 2;Comedy, Music;After a humiliating command performance at The Kennedy Center, the Barden Bellas enter an international competition that no American group has ever won in order to regain their status and right to perform.;Elizabeth Banks;Anna Kendrick, Rebel Wilson, Hailee Steinfeld,Brittany Snow;2015;115;6,5;108306;183,44
619;Mr. Right;Action, Comedy, Romance;"A girl falls for the ""perfect"" guy, who happens to have a very fatal flaw: he's a hitman on the run from the crime cartels who employ him.";Paco Cabezas;Anna Kendrick, Sam Rockwell, Tim Roth, James Ransone;2015;95;6,3;30053;0,03
609;Mommy;Drama;A widowed single mother, raising her violent son alone, finds new hope when a mysterious neighbor inserts herself into their household.;Xavier Dolan;Anne Dorval, Antoine-Olivier Pilon, Suzanne Clément,Patrick Huard;2014;139;8,1;33560;3,49
15;Colossal;Action, Comedy, Drama;Gloria is an out-of-work party girl forced to leave her life in New York City, and move back home. When reports surface that a giant creature is destroying Seoul, she gradually comes to the realization that she is somehow connected to this phenomenon.;Nacho Vigalondo;Anne Hathaway, Jason Sudeikis, Austin Stowell,Tim Blake Nelson;2016;109;6,4;8612;2,87
874;One Day;Drama, Romance;After spending the night together on the night of their college graduation Dexter and Em are shown each year on the same date to see where they are in their lives. They are sometimes together, sometimes not, on that day.;Lone Scherfig;Anne Hathaway, Jim Sturgess, Patricia Clarkson,Tom Mison;2011;107;7;113599;13,77
298;The Devil Wears Prada;Comedy, Drama;A smart but sensible new graduate lands a job as an assistant to Miranda Priestly, the demanding editor-in-chief of a high fashion magazine.;David Frankel;Anne Hathaway, Meryl Streep, Adrian Grenier, Emily Blunt;2006;109;6,8;302268;124,73
248;20th Century Women;Comedy, Drama;The story of a teenage boy, his mother, and two other women who help raise him among the love and freedom of Southern California of 1979.;Mike Mills;Annette Bening, Elle Fanning, Greta Gerwig, Billy Crudup;2016;119;7,4;14708;5,66
652;Solace;Crime, Drama, Mystery;A psychic works with the FBI in order to hunt down a serial killer.;Afonso Poyart;Anthony Hopkins, Jeffrey Dean Morgan, Abbie Cornish, Colin Farrell;2015;101;6,4;36300;0
751;Fracture;Crime, Drama, Mystery;An attorney, intent on climbing the career ladder toward success, finds an unlikely opponent in a manipulative criminal he is trying to prosecute.;Gregory Hoblit;Anthony Hopkins, Ryan Gosling, David Strathairn,Rosamund Pike;2007;113;7,2;148943;39
523;Viking;Action, Drama, History;Kievan Rus, late 10th century. After the death of his father, the young Viking prince Vladimir of Novgorod is forced into exile across the frozen sea.;Andrey Kravchuk;Anton Adasinsky, Aleksandr Armer, Vilen Babichev, Rostislav Bershauer;2016;133;4,7;1830;23,05
329;Green Room;Crime, Horror, Thriller;A punk rock band is forced to fight for survival after witnessing a murder at a neo-Nazi skinhead bar.;Jeremy Saulnier;Anton Yelchin, Imogen Poots, Alia Shawkat,Patrick Stewart;2015;95;7;62885;3,22
980;The Skin I Live In;Drama, Thriller;A brilliant plastic surgeon, haunted by past tragedies, creates a type of synthetic skin that withstands any kind of damage. His guinea pig: a mysterious and volatile woman who holds the key to his obsession.;Pedro Almodóvar;Antonio Banderas, Elena Anaya, Jan Cornet,Marisa Paredes;2011;120;7,6;108772;3,19
182;The VVitch: A New-England Folktale;Horror, Mystery;A family in 1630s New England is torn apart by the forces of witchcraft, black magic and possession.;Robert Eggers;Anya Taylor-Joy, Ralph Ineson, Kate Dickie, Julian Richings;2015;92;6,8;101781;25,14
186;Love;Drama, Romance;Murphy is an American living in Paris who enters a highly sexually and emotionally charged relationship with the unstable Electra. Unaware of the effect it will have on their relationship, they invite their pretty neighbor into their bed.;Gaspar Noé;Aomi Muyock, Karl Glusman, Klara Kristin, Juan Saavedra;2015;135;6;24003;0
161;Mine;Thriller, War;After a failed assassination attempt, a soldier finds himself stranded in the desert. Exposed to the elements, he must survive the dangers of the desert and battle the psychological and physical tolls of the treacherous conditions.;Fabio Guaglione;Armie Hammer, Annabelle Wallis,Tom Cullen, Clint Dyer;2016;106;6;5926;0
244;Terminator Genisys;Action, Adventure, Sci-Fi;When John Connor, leader of the human resistance, sends Sgt. Kyle Reese back to 1984 to protect Sarah Connor and safeguard the future, an unexpected turn of events creates a fractured timeline.;Alan Taylor;Arnold Schwarzenegger, Jason Clarke, Emilia Clarke,Jai Courtney;2015;126;6,5;205365;89,73
736;Hugo;Adventure, Drama, Family;In Paris in 1931, an orphan named Hugo Cabret who lives in the walls of a train station is wrapped up in a mystery involving his late father and an automaton.;Martin Scorsese;Asa Butterfield, Chloë Grace Moretz, Christopher Lee, Ben Kingsley;2011;126;7,5;259182;73,82
511;The Boy in the Striped Pyjamas;Drama, War;Set during WWII, a story seen through the innocent eyes of Bruno, the eight-year-old son of the commandant at a German concentration camp, whose forbidden friendship with a Jewish boy on the other side of the camp fence has startling and unexpected consequences.;Mark Herman;Asa Butterfield, David Thewlis, Rupert Friend, Zac Mattoon O'Brien;2008;94;7,8;144614;9,03
14;Moana;Animation, Adventure, Comedy;In Ancient Polynesia, when a terrible curse incurred by the Demigod Maui reaches an impetuous Chieftain's daughter's island, she answers the Ocean's call to seek out the Demigod to set things right.;Ron Clements;Auli'i Cravalho, Dwayne Johnson, Rachel House, Temuera Morrison;2016;107;7,7;118151;248,75
90;The Accountant;Action, Crime, Drama;As a math savant uncooks the books for a new client, the Treasury Department closes in on his activities and the body count starts to rise.;Gavin O'Connor;Ben Affleck, Anna Kendrick, J.K. Simmons, Jon Bernthal;2016;128;7,4;162122;86,2
475;Argo;Biography, Drama, History;Acting under the cover of a Hollywood producer scouting a location for a science fiction film, a CIA agent launches a dangerous operation to rescue six Americans in Tehran during the U.S. hostage crisis in Iran in 1980.;Ben Affleck;Ben Affleck, Bryan Cranston, John Goodman, Alan Arkin;2012;120;7,7;481274;136,02
87;Live by Night;Crime, Drama;A group of Boston-bred gangsters set up shop in balmy Florida during the Prohibition era, facing off against the competition and the Ku Klux Klan.;Ben Affleck;Ben Affleck, Elle Fanning, Brendan Gleeson, Chris Messina;2016;129;6,4;27869;10,38
61;Batman v Superman: Dawn of Justice;Action, Adventure, Sci-Fi;Fearing that the actions of Superman are left unchecked, Batman takes on the Man of Steel, while the world wrestles with what kind of a hero it really needs.;Zack Snyder;Ben Affleck, Henry Cavill, Amy Adams, Jesse Eisenberg;2016;151;6,7;472307;330,25
461;The Town;Crime, Drama, Thriller;As he plans his next job, a longtime thief tries to balance his feelings for a bank manager connected to one of his earlier heists, as well as the FBI agent looking to bring him and his crew down.;Ben Affleck;Ben Affleck, Rebecca Hall, Jon Hamm, Jeremy Renner;2010;125;7,6;294553;92,17
84;Gone Girl;Crime, Drama, Mystery;With his wife's disappearance having become the focus of an intense media circus, a man sees the spotlight turned on him when it's suspected that he may not be innocent.;David Fincher;Ben Affleck, Rosamund Pike, Neil Patrick Harris,Tyler Perry;2014;149;8,1;636243;167,74
356;Seventh Son;Action, Adventure, Fantasy;When Mother Malkin, the queen of evil witches, escapes the pit she was imprisoned in by professional monster hunter Spook decades ago and kills his apprentice, he recruits young Tom, the seventh son of the seventh son, to help him.;Sergei Bodrov;Ben Barnes, Julianne Moore, Jeff Bridges, Alicia Vikander;2014;102;5,5;59958;17,18
635;WALL-E;Animation, Adventure, Family;In the distant future, a small waste-collecting robot inadvertently embarks on a space journey that will ultimately decide the fate of mankind.;Andrew Stanton;Ben Burtt, Elissa Knight, Jeff Garlin, Fred Willard;2008;98;8,4;776897;223,81
178;Tropic Thunder;Action, Comedy;Through a series of freak occurrences, a group of actors shooting a big-budget war movie are forced to become the soldiers they are portraying.;Ben Stiller;Ben Stiller, Jack Black, Robert Downey Jr., Jeff Kahn;2008;107;7;321442;110,42
620;The Secret Life of Walter Mitty;Adventure, Comedy, Drama;When his job along with that of his co-worker are threatened, Walter takes action in the real world embarking on a global journey that turns into an adventure more extraordinary than anything he could have ever imagined.;Ben Stiller;Ben Stiller, Kristen Wiig, Jon Daly, Kathryn Hahn;2013;114;7,3;249877;58,23
715;The Heartbreak Kid;Comedy, Romance;A newly wed man who believes he's just gotten hitched to the perfect woman encounters another lady on his honeymoon.;Bobby Farrelly;Ben Stiller, Michelle Monaghan,Malin Akerman, Jerry Stiller;2007;116;5,8;74664;36,77
432;Zoolander 2;Comedy;Derek and Hansel are lured into modeling again, in Rome, where they find themselves the target of a sinister conspiracy.;Ben Stiller;Ben Stiller, Owen Wilson, Penélope Cruz, Will Ferrell;2016;102;4,7;48297;28,84
630;Night at the Museum: Secret of the Tomb;Adventure, Comedy, Family;Larry spans the globe, uniting favorite and new characters while embarking on an epic quest to save the magic before it is gone forever.;Shawn Levy;Ben Stiller, Robin Williams, Owen Wilson, Dick Van Dyke;2014;98;6,2;74886;113,73
919;Perfume: The Story of a Murderer;Crime, Drama, Fantasy;Jean-Baptiste Grenouille, born with a superior olfactory sense, creates the world's finest perfume. His work, however, takes a dark turn as he searches for the ultimate scent.;Tom Tykwer;Ben Whishaw, Dustin Hoffman, Alan Rickman,Francesc Albiol;2006;147;7,5;199387;2,21
788;Max Steel;Action, Adventure, Family;The adventures of teenager Max McGrath and his alien companion, Steel, who must harness and combine their tremendous new powers to evolve into the turbo-charged superhero Max Steel.;Stewart Hendler;Ben Winchell, Josh Brener, Maria Bello, Andy Garcia;2016;92;4,6;11555;3,77
38;Doctor Strange;Action, Adventure, Fantasy;While on a journey of physical and spiritual healing, a brilliant neurosurgeon is drawn into the world of the mystic arts.;Scott Derrickson;Benedict Cumberbatch, Chiwetel Ejiofor, Rachel McAdams, Benedict Wong;2016;115;7,6;293732;232,6
199;The Imitation Game;Biography, Drama, Thriller;During World War II, mathematician Alan Turing tries to crack the enigma code with help from fellow mathematicians.;Morten Tyldum;Benedict Cumberbatch, Keira Knightley, Matthew Goode, Allen Leech;2014;114;8,1;532353;91,12
296;The Choice;Drama, Romance;Travis and Gabby first meet as neighbors in a small coastal town and wind up in a relationship that is tested by life's most defining events.;Ross Katz;Benjamin Walker, Teresa Palmer, Alexandra Daddario, Maggie Grace;2016;111;6,6;20514;18,71
413;Monsters University;Animation, Adventure, Comedy;A look at the relationship between Mike and Sulley during their days at Monsters University -- when they weren't necessarily the best of friends.;Dan Scanlon;Billy Crystal, John Goodman, Steve Buscemi, Helen Mirren;2013;104;7,3;252119;268,49
526;Birth of the Dragon;Action, Biography, Drama;Young, up-and-coming martial artist, Bruce Lee, challenges legendary kung fu master Wong Jack Man to a no-holds-barred fight in Northern California.;George Nolfi;Billy Magnussen, Terry Chen, Teresa Navarro,Vanessa Ross;2016;103;3,9;552;93,05
279;Everybody Wants Some!!;Comedy;In 1980, a group of college baseball players navigate their way through the freedoms and responsibilities of unsupervised adulthood.;Richard Linklater;Blake Jenner, Tyler Hoechlin, Ryan Guzman,Zoey Deutch;2016;117;7;36312;3,37
396;The Age of Adaline;Drama, Fantasy, Romance;A young woman, born at the turn of the 20th century, is rendered ageless after an accident. After many solitary years, she meets a man who complicates the eternal life she has settled into.;Lee Toland Krieger;Blake Lively, Michiel Huisman, Harrison Ford,Kathy Baker;2015;112;7,2;112288;42,48
133;The Shallows;Drama, Horror, Thriller;A mere 200 yards from shore, surfer Nancy is attacked by a great white shark, with her short journey to safety becoming the ultimate contest of wills.;Jaume Collet-Serra;Blake Lively, Óscar Jaenada, Angelo Josue Lozano Corzo, Brett Cullen;2016;86;6,4;78328;55,12
490;Ratatouille;Animation, Comedy, Family;A rat who can cook makes an unusual alliance with a young kitchen worker at a famous restaurant.;Brad Bird;Brad Garrett, Lou Romano, Patton Oswalt,Ian Holm;2007;111;8;504039;206,44
614;The Assassination of Jesse James by the Coward Robert Ford;Biography, Crime, Drama;Robert Ford, who's idolized Jesse James since childhood, tries hard to join the reforming gang of the Missouri outlaw, but gradually becomes resentful of the bandit leader.;Andrew Dominik;Brad Pitt, Casey Affleck, Sam Shepard, Mary-Louise Parker;2007;160;7,5;143564;3,9
886;Babel;Drama;Tragedy strikes a married couple on vacation in the Moroccan desert, touching off an interlocking story involving four different families.;Alejandro González Iñárritu;Brad Pitt, Cate Blanchett, Gael García Bernal, Mohamed Akhzam;2006;143;7,5;253417;34,3
426;The Curious Case of Benjamin Button;Drama, Fantasy, Romance;Tells the story of Benjamin Button, a man who starts aging backwards with bizarre consequences.;David Fincher;Brad Pitt, Cate Blanchett, Tilda Swinton, Julia Ormond;2008;166;7,8;485075;127,49
78;Inglourious Basterds;Adventure, Drama, War;In Nazi-occupied France during World War II, a plan to assassinate Nazi leaders by a group of Jewish U.S. soldiers coincides with a theatre owner's vengeful plans for the same.;Quentin Tarantino;Brad Pitt, Diane Kruger, Eli Roth,Mélanie Laurent;2009;153;8,3;959065;120,52
72;Allied;Action, Drama, Romance;In 1942, a Canadian intelligence officer in North Africa encounters a female French Resistance fighter on a deadly mission behind enemy lines. When they reunite in London, their relationship is tested by the pressures of war.;Robert Zemeckis;Brad Pitt, Marion Cotillard, Jared Harris, Vincent Ebrahim;2016;124;7,1;78079;40,07
433;World War Z;Action, Adventure, Horror;Former United Nations employee Gerry Lane traverses the world in a race against time to stop the Zombie pandemic that is toppling armies and governments, and threatening to destroy humanity itself.;Marc Forster;Brad Pitt, Mireille Enos, Daniella Kertesz, James Badge Dale;2013;116;7;494819;202,35
585;Moneyball;Biography, Drama, Sport;Oakland A's general manager Billy Beane's successful attempt to assemble a baseball team on a lean budget by employing computer-generated analysis to acquire new players.;Bennett Miller;Brad Pitt, Robin Wright, Jonah Hill, Philip Seymour Hoffman;2011;133;7,6;297395;75,61
887;The Tree of Life;Drama, Fantasy;The story of a family in Waco, Texas in 1956. The eldest son witnesses the loss of innocence and struggles with his parents' conflicting teachings.;Terrence Malick;Brad Pitt, Sean Penn, Jessica Chastain, Hunter McCracken;2011;139;6,8;143517;13,3
241;Fury;Action, Drama, War;A grizzled tank commander makes tough decisions as he and his crew fight their way across Germany in April, 1945.;David Ayer;Brad Pitt, Shia LaBeouf, Logan Lerman, Michael Peña;2014;134;7,6;332234;85,71
542;Limitless;Mystery, Sci-Fi, Thriller;With the help of a mysterious pill that enables the user to access 100 percent of his brain abilities, a struggling writer becomes a financial wizard, but it also puts him in a new world with lots of dangers.;Neil Burger;Bradley Cooper, Anna Friel, Abbie Cornish, Robert De Niro;2011;105;7,4;444417;79,24
337;Silver Linings Playbook;Comedy, Drama, Romance;After a stint in a mental institution, former teacher Pat Solitano moves back in with his parents and tries to reconcile with his ex-wife. Things get more challenging when Pat meets Tiffany, a mysterious girl with problems of her own.;David O. Russell;Bradley Cooper, Jennifer Lawrence, Robert De Niro, Jacki Weaver;2012;122;7,8;564364;132,09
647;Burnt;Comedy, Drama;Adam Jones (Bradley Cooper) is a chef who destroyed his career with drugs and diva behavior. He cleans up and returns to London, determined to redeem himself by spearheading a top restaurant that can gain three Michelin stars.;John Wells;Bradley Cooper, Sienna Miller, Daniel Brühl, Riccardo Scamarcio;2015;101;6,6;76469;13,65
332;American Sniper;Action, Biography, Drama;Navy S.E.A.L. sniper Chris Kyle's pinpoint accuracy saves countless lives on the battlefield and turns him into a legend. Back home to his wife and kids after four tours of duty, however, Chris finds that it is the war he can't leave behind.;Clint Eastwood;Bradley Cooper, Sienna Miller, Kyle Gallner, Cole Konis;2014;133;7,3;353305;350,12
925;Superman Returns;Action, Adventure, Sci-Fi;Superman reappears after a long absence, but is challenged by an old foe who uses Kryptonian technology for world domination.;Bryan Singer;Brandon Routh, Kevin Spacey, Kate Bosworth, James Marsden;2006;154;6,1;246797;200,07
740;The Mummy: Tomb of the Dragon Emperor;Action, Adventure, Fantasy;In the Far East, Alex O'Connell, the son of famed mummy fighters Rick and Evy O'Connell, unearths the mummy of the first Emperor of Qin -- a shape-shifting entity cursed by a witch centuries ago.;Rob Cohen;Brendan Fraser, Jet Li, Maria Bello, Michelle Yeoh;2008;112;5,2;124554;102,18
482;The Giver;Drama, Romance, Sci-Fi;"In a seemingly perfect community, without war, pain, suffering, differences or choice, a young boy is chosen to learn from an elderly man about the true pain and pleasure of the ""real"" world.";Phillip Noyce;Brenton Thwaites, Jeff Bridges, Meryl Streep, Taylor Swift;2014;97;6,5;93799;45,09
216;Gods of Egypt;Action, Adventure, Fantasy;Mortal hero Bek teams with the god Horus in an alliance against Set, the merciless god of darkness, who has usurped Egypt's throne, plunging the once peaceful and prosperous empire into chaos and conflict.;Alex Proyas;Brenton Thwaites, Nikolaj Coster-Waldau, Gerard Butler, Chadwick Boseman;2016;126;5,5;73568;31,14
62;The Autopsy of Jane Doe;Horror, Mystery, Thriller;A father and son, both coroners, are pulled into a complex mystery while attempting to identify the body of a young woman, who was apparently harboring dark secrets.;André Øvredal;Brian Cox, Emile Hirsch, Ophelia Lovibond, Michael McElhatton;2016;86;6,8;35870;0
747;Only for One Night;Thriller;A married womans husband with a perfect life cheats with her sister with extreme consequences befalling them all.;Chris Stokes;Brian White, Karrueche Tran, Angelique Pereira,Jessica Vanessa DeLeon;2016;86;4,6;313;0
144;Room;Drama;A young boy is raised within the confines of a small shed.;Lenny Abrahamson;Brie Larson, Jacob Tremblay, Sean Bridgers,Wendy Crewson;2015;118;8,2;224132;14,68
703;RED;Action, Comedy, Crime;When his peaceful life is threatened by a high-tech assassin, former black-ops agent Frank Moses reassembles his old team in a last ditch effort to survive and uncover his assailants.;Robert Schwentke;Bruce Willis, Helen Mirren, Morgan Freeman,Mary-Louise Parker;2010;111;7,1;250012;90,36
699;Live Free or Die Hard;Action, Adventure, Thriller;John McClane and a young hacker join forces to take down master cyber-terrorist Thomas Gabriel in Washington D.C.;Len Wiseman;Bruce Willis, Justin Long, Timothy Olyphant, Maggie Q;2007;128;7,2;347567;134,52
69;Wakefield;Drama;A man's nervous breakdown causes him to leave his wife and live in his attic for several months.;Robin Swicord;Bryan Cranston, Jennifer Garner, Beverly D'Angelo,Jason O'Mara;2016;106;7,5;291;0,01
299;The Infiltrator;Biography, Crime, Drama;A U.S. Customs official uncovers a money laundering scheme involving Colombian drug lord Pablo Escobar.;Brad Furman;Bryan Cranston, John Leguizamo, Diane Kruger, Amy Ryan;2016;127;7,1;43929;15,43
344;Pete's Dragon;Adventure, Family, Fantasy;The adventures of an orphaned boy named Pete and his best friend Elliot, who just so happens to be a dragon.;David Lowery;Bryce Dallas Howard, Robert Redford, Oakes Fegley,Oona Laurence;2016;102;6,8;36322;76,2
680;The Age of Shadows;Action, Drama, Thriller;Japanese agents close in as members of the Korean resistance plan an attack in 1920's Seoul.;Jee-woon Kim;Byung-hun Lee, Yoo Gong, Kang-ho Song, Ji-min Han;2016;140;7,2;2403;0,54
197;Hacker;Crime, Drama, Thriller;With the help of his new friends Alex Danyliuk turns to a life of crime and identity theft.;Akan Satayev;Callan McAuliffe, Lorraine Nicholson, Daniel Eric Gold, Clifton Collins Jr.;2016;95;6,3;3799;0
784;Tramps;Comedy, Romance;A young man and woman find love in an unlikely place while carrying out a shady deal.;Adam Leon;Callum Turner, Grace Van Patten, Michal Vondel, Mike Birbiglia;2016;82;6,5;1031;0
571;The Other Woman;Comedy, Romance;After discovering her boyfriend is married, Carly soon meets the wife he's been betraying. And when yet another love affair is discovered, all three women team up to plot revenge on the three-timing S.O.B.;Nick Cassavetes;Cameron Diaz, Leslie Mann, Kate Upton, Nikolaj Coster-Waldau;2014;109;6;110825;83,91
584;What to Expect When You're Expecting;Comedy, Drama, Romance;Follows the lives of five interconnected couples as they experience the thrills and surprises of having a baby, and realize that no matter what you plan for, life does not always deliver what is expected.;Kirk Jones;Cameron Diaz, Matthew Morrison, J. Todd Smith, Dennis Quaid;2012;110;5,7;60059;41,1
830;Disaster Movie;Comedy;Over the course of one evening, an unsuspecting group of twenty-somethings find themselves bombarded by a series of natural disasters and catastrophic events.;Jason Friedberg;Carmen Electra, Vanessa Lachey,Nicole Parker, Matt Lanter;2008;87;1,9;77207;14,17
483;Triple 9;Action, Crime, Drama;A gang of criminals and corrupt cops plan the murder of a police officer in order to pull off their biggest heist yet across town.;John Hillcoat;Casey Affleck, Chiwetel Ejiofor, Anthony Mackie,Aaron Paul;2016;115;6,3;48400;12,63
22;Manchester by the Sea;Drama;A depressed uncle is asked to take care of his teenage nephew after the boy's father dies.;Kenneth Lonergan;Casey Affleck, Michelle Williams, Kyle Chandler,Lucas Hedges;2016;137;7,9;134213;47,7
878;Blue Jasmine;Drama;A New York socialite, deeply troubled and in denial, arrives in San Francisco to impose upon her sister. She looks a million, but isn't bringing money, peace, or love...;Woody Allen;Cate Blanchett, Alec Baldwin, Peter Sarsgaard, Sally Hawkins;2013;98;7,3;160592;33,4
502;Carol;Drama, Romance;An aspiring photographer develops an intimate relationship with an older woman in 1950s New York.;Todd Haynes;Cate Blanchett, Rooney Mara, Sarah Paulson, Kyle Chandler;2015;118;7,2;77995;0,25
850;42;Biography, Drama, Sport;This movie is about Jackie Robinson and his journey to becoming a Brooklyn Dodger and his life during that time.;Brian Helgeland;Chadwick Boseman, T.R. Knight, Harrison Ford,Nicole Beharie;2013;128;7,5;69659;95
400;Magic Mike;Comedy, Drama;A male stripper teaches a younger performer how to party, pick up women, and make easy money.;Steven Soderbergh;Channing Tatum, Alex Pettyfer, Olivia Munn,Matthew McConaughey;2012;110;6,1;113686;113,71
343;White House Down;Action, Drama, Thriller;While on a tour of the White House with his young daughter, a Capitol policeman springs into action to save his child and protect the president from a heavily armed group of paramilitary invaders.;Roland Emmerich;Channing Tatum, Jamie Foxx, Maggie Gyllenhaal,Jason Clarke;2013;131;6,4;173320;73,1
321;Step Up;Crime, Drama, Music;Tyler Gage receives the opportunity of a lifetime after vandalizing a performing arts school, gaining him the chance to earn a scholarship and dance with an up and coming dancer, Nora.;Anne Fletcher;Channing Tatum, Jenna Dewan Tatum, Damaine Radcliff, De'Shawn Washington;2006;104;6,5;95960;65,27
515;Magic Mike XXL;Comedy, Drama, Music;Three years after Mike bowed out of the stripper life at the top of his game, he and the remaining Kings of Tampa hit the road to Myrtle Beach to put on one last blow-out performance.;Gregory Jacobs;Channing Tatum, Joe Manganiello, Matt Bomer,Adam Rodriguez;2015;115;5,7;42506;0
277;22 Jump Street;Action, Comedy, Crime;After making their way through high school (twice), big changes are in store for officers Schmidt and Jenko when they go deep undercover at a local college.;Phil Lord;Channing Tatum, Jonah Hill, Ice Cube,Nick Offerman;2014;112;7,1;280110;191,62
288;Jupiter Ascending;Action, Adventure, Sci-Fi;A young woman discovers her destiny as an heiress of intergalactic nobility and must fight to protect the inhabitants of Earth from an ancient and destructive industry.;Lana Wachowski;Channing Tatum, Mila Kunis,Eddie Redmayne, Sean Bean;2015;127;5,3;150121;47,38
697;10 Years;Comedy, Drama, Romance;The night before their high school reunion, a group of friends realize they still haven't quite grown up in some ways.;Jamie Linden;Channing Tatum, Rosario Dawson, Chris Pratt, Jenna Dewan Tatum;2011;100;6,1;19636;0,2
347;Stardust;Adventure, Family, Fantasy;In a countryside town bordering on a magical land, a young man makes a promise to his beloved that he'll retrieve a fallen star by venturing into the magical realm.;Matthew Vaughn;Charlie Cox, Claire Danes, Sienna Miller, Ian McKellen;2007;127;7,7;220664;38,35
9;The Lost City of Z;Action, Adventure, Biography;A true-life drama, centering on British explorer Col. Percival Fawcett, who disappeared while searching for a mysterious city in the Amazon in the 1920s.;James Gray;Charlie Hunnam, Robert Pattinson, Sienna Miller, Tom Holland;2016;141;7,1;7188;8,01
172;Kubo and the Two Strings;Animation, Adventure, Family;A young boy named Kubo must locate a magical suit of armour worn by his late father in order to defeat a vengeful spirit from the past.;Travis Knight;Charlize Theron, Art Parkinson, Matthew McConaughey, Ralph Fiennes;2016;101;7,9;72778;48,02
50;The Last Face;Drama;A director (Charlize Theron) of an international aid agency in Africa meets a relief aid doctor (Javier Bardem) amidst a political/social revolution, and together face tough choices surrounding humanitarianism and life through civil unrest.;Sean Penn;Charlize Theron, Javier Bardem, Adèle Exarchopoulos,Jared Harris;2016;130;3,7;987;0
977;Dark Places;Drama, Mystery, Thriller;Libby Day was only eight years old when her family was brutally murdered in their rural Kansas farmhouse. Almost thirty years later, she reluctantly agrees to revisit the crime and uncovers the wrenching truths that led up to that tragic night.;Gilles Paquet-Brenner;Charlize Theron, Nicholas Hoult, Christina Hendricks, Chloë Grace Moretz;2015;113;6,2;31634;0
264;Nymphomaniac: Vol. I;Drama;A self-diagnosed nymphomaniac recounts her erotic experiences to the man who saved her after a beating.;Lars von Trier;Charlotte Gainsbourg, Stellan Skarsgård, Stacy Martin, Shia LaBeouf;2013;117;7;90556;0,79
721;Nymphomaniac: Vol. II;Drama;The continuation of Joe's sexually dictated life delves into the darker aspects of her adulthood, obsessions and what led to her being in Seligman's care.;Lars von Trier;Charlotte Gainsbourg, Stellan Skarsgård, Willem Dafoe, Jamie Bell;2013;123;6,7;65824;0,33
112;12 Years a Slave;Biography, Drama, History;In the antebellum United States, Solomon Northup, a free black man from upstate New York, is abducted and sold into slavery.;Steve McQueen;Chiwetel Ejiofor, Michael Kenneth Williams, Michael Fassbender, Brad Pitt;2013;134;8,1;486338;56,67
996;Secret in Their Eyes;Crime, Drama, Mystery;A tight-knit team of rising investigators, along with their supervisor, is suddenly torn apart when they discover that one of their own teenage daughters has been brutally murdered.;Billy Ray;Chiwetel Ejiofor, Nicole Kidman, Julia Roberts, Dean Norris;2015;111;6,2;27585;0
520;Half of a Yellow Sun;Drama, Romance;Sisters Olanna and Kainene return home to 1960s Nigeria, where they soon diverge on different paths. As civil war breaks out, political events loom larger than their differences as they join the fight to establish an independent republic.;Biyi Bandele;Chiwetel Ejiofor, Thandie Newton, Anika Noni Rose,Joseph Mawle;2013;111;6,2;1356;0,05
450;Carrie;Drama, Horror;A shy girl, outcasted by her peers and sheltered by her religious mother, unleashes telekinetic terror on her small town after being pushed too far at her senior prom.;Kimberly Peirce;Chloë Grace Moretz, Julianne Moore, Gabriella Wilde, Portia Doubleday;2013;100;5,9;113272;35,27
317;The 5th Wave;Action, Adventure, Sci-Fi;Four waves of increasingly deadly alien attacks have left most of Earth decimated. Cassie is on the run, desperately trying to save her younger brother.;J Blakeson;Chloë Grace Moretz, Matthew Zuk, Gabriela Lopez,Bailey Anne Borders;2016;112;5,2;73093;34,91
932;If I Stay;Drama, Fantasy, Music;Life changes in an instant for young Mia Hall after a car accident puts her in a coma. During an out-of-body experience, she must decide whether to wake up and live a life far different than she had imagined. The choice is hers if she can go on.;R.J. Cutler;Chloë Grace Moretz, Mireille Enos, Jamie Blackley,Joshua Leonard;2014;107;6,8;92170;50,46
785;Before We Go;Comedy, Drama, Romance;Two strangers stuck in Manhattan for the night grow into each other's most trusted confidants when an evening of unexpected adventure forces them to confront their fears and take control of their lives.;Chris Evans;Chris Evans, Alice Eve, Emma Fitzpatrick, John Cullum;2014;95;6,9;31370;0,04
196;Captain America: The First Avenger;Action, Adventure, Sci-Fi;"Steve Rogers, a rejected military soldier transforms into Captain America after taking a dose of a ""Super-Soldier serum"". But being Captain America comes at a price as he attempts to take down a war monger and a terrorist organization.";Joe Johnston;Chris Evans, Hugo Weaving, Samuel L. Jackson,Hayley Atwell;2011;124;6,9;547368;176,64
316;Snowpiercer;Action, Drama, Sci-Fi;Set in a future where a failed climate-change experiment kills all life on the planet except for a lucky few who boarded the Snowpiercer, a train that travels around the globe, where a class system emerges.;Bong Joon Ho;Chris Evans, Jamie Bell, Tilda Swinton, Ed Harris;2013;126;7;199048;4,56
36;Captain America: Civil War;Action, Adventure, Sci-Fi;Political interference in the Avengers' activities causes a rift between former allies Captain America and Iron Man.;Anthony Russo;Chris Evans, Robert Downey Jr.,Scarlett Johansson, Sebastian Stan;2016;147;7,9;411656;408,08
217;Captain America: The Winter Soldier;Action, Adventure, Sci-Fi;As Steve Rogers struggles to embrace his role in the modern world, he teams up with a fellow Avenger and S.H.I.E.L.D agent, Black Widow, to battle a new threat from history: an assassin known as the Winter Soldier.;Anthony Russo;Chris Evans, Samuel L. Jackson,Scarlett Johansson, Robert Redford;2014;136;7,8;542362;259,75
102;Thor;Action, Adventure, Fantasy;The powerful but arrogant god Thor is cast out of Asgard to live amongst humans in Midgard (Earth), where he soon becomes one of their finest defenders.;Kenneth Branagh;Chris Hemsworth, Anthony Hopkins, Natalie Portman, Tom Hiddleston;2011;115;7;570814;181,02
559;In the Heart of the Sea;Action, Adventure, Biography;A recounting of a New England whaling ship's sinking by a giant whale in 1820, an experience that later inspired the great novel Moby-Dick.;Ron Howard;Chris Hemsworth, Cillian Murphy, Brendan Gleeson,Ben Whishaw;2015;122;6,9;90372;24,99
873;Red Dawn;Action, Thriller;A group of teenagers look to save their town from an invasion of North Korean soldiers.;Dan Bradley;Chris Hemsworth, Isabel Lucas, Josh Hutcherson, Josh Peck;2012;93;5,4;64584;44,8
235;The Huntsman: Winter's War;Action, Adventure, Drama;Eric and fellow warrior Sara, raised as members of ice Queen Freya's army, try to conceal their forbidden love as they fight to survive the wicked intentions of both Freya and her sister Ravenna.;Cedric Nicolas-Troyan;Chris Hemsworth, Jessica Chastain, Charlize Theron, Emily Blunt;2016;114;6,1;66766;47,95
215;Thor: The Dark World;Action, Adventure, Fantasy;When Dr. Jane Foster gets cursed with a powerful entity known as the Aether, Thor is heralded of the cosmic event known as the Convergence and the genocidal Dark Elves.;Alan Taylor;Chris Hemsworth, Natalie Portman, Tom Hiddleston,Stellan Skarsgård;2013;112;7;443584;206,36
330;Blackhat;Crime, Drama, Mystery;A furloughed convict and his American and Chinese partners hunt a high-level cybercrime network from Chicago to Los Angeles to Hong Kong to Jakarta.;Michael Mann;Chris Hemsworth, Viola Davis, Wei Tang, Leehom Wang;2015;133;5,4;43085;7,1
155;Twin Peaks: The Missing Pieces;Drama, Horror, Mystery;Twin Peaks before Twin Peaks (1990) and at the same time not always and entirely in the same place as Twin Peaks: Fire Walk with Me (1992). A feature film which presents deleted scenes from Twin Peaks: Fire Walk with Me (1992) assembled together for the first time in an untold portion of the story's prequel.;David Lynch;Chris Isaak, Kiefer Sutherland, C.H. Evans, Sandra Kinder;2014;91;8,1;1973;0
106;Hell or High Water;Crime, Drama, Thriller;A divorced father and his ex-con older brother resort to a desperate scheme in order to save their family's ranch in West Texas.;David Mackenzie;Chris Pine, Ben Foster, Jeff Bridges, Gil Birmingham;2016;102;7,7;115546;26,86
577;The Finest Hours;Action, Drama, History;The Coast Guard makes a daring rescue attempt off the coast of Cape Cod after a pair of oil tankers are destroyed during a blizzard in 1952.;Craig Gillespie;Chris Pine, Casey Affleck, Ben Foster, Eric Bana;2016;117;6,8;44425;27,55
804;Jack Ryan: Shadow Recruit;Action, Drama, Thriller;Jack Ryan, as a young covert CIA analyst, uncovers a Russian plot to crash the U.S. economy with a terrorist attack.;Kenneth Branagh;Chris Pine, Kevin Costner, Keira Knightley,Kenneth Branagh;2014;105;6,2;103681;50,55
49;Star Trek Beyond;Action, Adventure, Sci-Fi;The USS Enterprise crew explores the furthest reaches of uncharted space, where they encounter a new ruthless enemy who puts them and everything the Federation stands for to the test.;Justin Lin;Chris Pine, Zachary Quinto, Karl Urban, Zoe Saldana;2016;122;7,1;164567;158,8
141;Star Trek;Action, Adventure, Sci-Fi;The brash James T. Kirk tries to live up to his father's legacy with Mr. Spock keeping him in check as a vengeful Romulan from the future creates black holes to destroy the Federation one planet at a time.;J.J. Abrams;Chris Pine, Zachary Quinto, Simon Pegg, Leonard Nimoy;2009;127;8;526324;257,7
363;Star Trek Into Darkness;Action, Adventure, Sci-Fi;After the crew of the Enterprise find an unstoppable force of terror from within their own organization, Captain Kirk leads a manhunt to a war-zone world to capture a one-man weapon of mass destruction.;J.J. Abrams;Chris Pine, Zachary Quinto, Zoe Saldana, Benedict Cumberbatch;2013;132;7,8;417663;228,76
86;Jurassic World;Action, Adventure, Sci-Fi;A new theme park, built on the original site of Jurassic Park, creates a genetically modified hybrid dinosaur, which escapes containment and goes on a killing spree.;Colin Trevorrow;Chris Pratt, Bryce Dallas Howard, Ty Simpkins,Judy Greer;2015;124;7;455169;652,18
1;Guardians of the Galaxy;Action, Adventure, Sci-Fi;A group of intergalactic criminals are forced to work together to stop a fanatical warrior from taking control of the universe.;James Gunn;Chris Pratt, Vin Diesel, Bradley Cooper, Zoe Saldana;2014;121;8,1;757074;333,13
385;The Lego Movie;Animation, Action, Adventure;An ordinary Lego construction worker, thought to be the prophesied 'Special', is recruited to join a quest to stop an evil tyrant from gluing the Lego universe into eternal stasis.;Phil Lord;Chris Pratt, Will Ferrell, Elizabeth Banks, Will Arnett;2014;100;7,8;266508;257,76
348;American Hustle;Crime, Drama;A con man, Irving Rosenfeld, along with his seductive partner Sydney Prosser, is forced to work for a wild FBI agent, Richie DiMaso, who pushes them into a world of Jersey powerbrokers and mafia.;David O. Russell;Christian Bale, Amy Adams, Bradley Cooper,Jennifer Lawrence;2013;138;7,3;379088;150,12
853;Out of the Furnace;Crime, Drama, Thriller;When Rodney Baze mysteriously disappears and law enforcement doesn't follow through fast enough, his older brother, Russell, takes matters into his own hands to find justice.;Scott Cooper;Christian Bale, Casey Affleck, Zoe Saldana, Woody Harrelson;2013;116;6,8;88829;11,33
739;Knight of Cups;Drama, Romance;A writer indulging in all that Los Angeles and Las Vegas has to offer undertakes a search for love and self via a series of adventures with six different women.;Terrence Malick;Christian Bale, Cate Blanchett, Natalie Portman,Brian Dennehy;2015;118;5,7;17439;0,56
55;The Dark Knight;Action, Crime, Drama;When the menace known as the Joker wreaks havoc and chaos on the people of Gotham, the Dark Knight must come to terms with one of the greatest psychological tests of his ability to fight injustice.;Christopher Nolan;Christian Bale, Heath Ledger, Aaron Eckhart,Michael Caine;2008;152;9;1791916;533,32
65;The Prestige;Drama, Mystery, Sci-Fi;Two stage magicians engage in competitive one-upmanship in an attempt to create the ultimate stage illusion.;Christopher Nolan;Christian Bale, Hugh Jackman, Scarlett Johansson, Michael Caine;2006;130;8,5;913152;53,08
517;Exodus: Gods and Kings;Action, Adventure, Drama;The defiant leader Moses rises up against the Egyptian Pharaoh Ramses, setting 600,000 slaves on a monumental journey of escape from Egypt and its terrifying cycle of deadly plagues.;Ridley Scott;Christian Bale, Joel Edgerton, Ben Kingsley, Sigourney Weaver;2014;150;6;137299;65,01
656;Public Enemies;Biography, Crime, Drama;The Feds try to take down notorious American gangsters John Dillinger, Baby Face Nelson and Pretty Boy Floyd during a booming crime wave in the 1930s.;Michael Mann;Christian Bale, Johnny Depp, Christian Stolte, Jason Clarke;2009;140;7;240323;97,03
857;Terminator Salvation;Action, Adventure, Drama;In 2018, a mysterious new weapon in the war against the machines, half-human and half-machine, comes to John Connor on the eve of a resistance attack on Skynet. But whose side is he on, and can he be trusted?;McG;Christian Bale, Sam Worthington, Anton Yelchin, Moon Bloodgood;2009;115;6,6;297093;125,32
143;The Big Short;Biography, Comedy, Drama;Four denizens in the world of high-finance predict the credit and housing bubble collapse of the mid-2000s, and decide to take on the big banks for their greed and lack of foresight.;Adam McKay;Christian Bale, Steve Carell, Ryan Gosling, Brad Pitt;2015;130;7,8;246360;70,24
797;Rescue Dawn;Adventure, Biography, Drama;A U.S. fighter pilot's epic struggle of survival after being shot down on a mission over Laos during the Vietnam War.;Werner Herzog;Christian Bale, Steve Zahn, Jeremy Davies, Zach Grenier;2006;120;7,3;87887;5,48
125;The Dark Knight Rises;Action, Thriller;Eight years after the Joker's reign of anarchy, the Dark Knight, with the help of the enigmatic Selina, is forced from his imposed exile to save Gotham City, now on the edge of total annihilation, from the brutal guerrilla terrorist Bane.;Christopher Nolan;Christian Bale, Tom Hardy, Anne Hathaway,Gary Oldman;2012;164;8,5;1222645;448,13
822;The Imaginarium of Doctor Parnassus;Adventure, Fantasy, Mystery;A traveling theater company gives its audience much more than they were expecting.;Terry Gilliam;Christopher Plummer, Lily Cole, Heath Ledger,Andrew Garfield;2009;123;6,8;130153;7,69
252;Kynodontas;Drama, Thriller;Three teenagers live isolated, without leaving their house, because their over-protective parents say they can only leave when their dogtooth falls out.;Yorgos Lanthimos;Christos Stergioglou, Michele Valley, Angeliki Papoulia, Hristos Passalis;2009;94;7,3;50946;0,11
589;Sunshine;Adventure, Sci-Fi, Thriller;A team of international astronauts are sent on a dangerous mission to reignite the dying Sun with a nuclear fission bomb in 2057.;Danny Boyle;Cillian Murphy, Rose Byrne, Chris Evans, Michelle Yeoh;2007;107;7,3;199860;3,68
